title,price,mileage,dealer_name
2013 Lexus GS 350 Base,"$16,450","106,940 mi.",Miami Lakes Automall - Chevrolet Kia Dodge Chrysler Jeep Ram Mitsubishi
2006 Lexus GS 300 Base (A6),"$8,995","169,338 mi.",Best Auto Buy LLC
2017 Lexus GS 350 GS 350,"$28,499","59,597 mi.",Fletcher Jones Imports
2018 Lexus GS 350 F Sport,"$32,998","59,532 mi.",CarMax Henderson - Offering Express Pickup and Home Delivery
2015 Lexus GS 350 ,"$25,259","57,294 mi.",Gaudin Ford
2009 Lexus GS 350 ,"$15,999","73,025 mi.",Rocky Mountain Eurosport Parker
2013 Lexus GS 350 Base,"$24,402","54,710 mi.",Street Smart Auto Brokers
2016 Lexus GS F Base,"$59,500","9,830 mi.",
2017 Lexus GS 350 F Sport,"$25,996","88,287 mi.",Toyota of Santa Fe
2016 Lexus GS 350 Base,"$28,000","90,647 mi.",Mercedes-Benz of Albuquerque
2018 Lexus GS 350 Base,"$28,500","69,609 mi.",Sandia Toyota
2015 Lexus GS 350 Crafted Line,"$26,950","81,396 mi.",Ash Auto Group
2019 Lexus GS 350 F Sport,"$36,888","42,819 mi.",Acura North Scottsdale
2018 Lexus GS 350 F Sport,"$35,497","35,071 mi.",Audi North Scottsdale
2016 Lexus GS 350 ,"$31,799","41,755 mi.",Motor Market Auto Sales & Service
2015 Lexus GS 350 Base (A8),"$25,900","60,685 mi.",Earnhardt Lexus
2015 Lexus GS 350 Base,"$23,776","70,827 mi.",Camelback Toyota
2016 Lexus GS 350 Base,"$23,973","75,831 mi.",INFINITI on Camelback
2015 Lexus GS 350 Base,"$20,790","82,009 mi.",Mark Kia
2017 Lexus GS 350 ,"$28,888","47,793 mi.",Auto Junction Benz & Beemers
2017 Lexus GS 350 F Sport,"$35,750","31,500 mi.",
2016 Lexus GS 350 F Sport,"$25,262","73,409 mi.",AutoNation Toyota Tempe
2017 Lexus GS 350 F Sport,"$25,500","83,100 mi.",
2014 Lexus GS 350 Base,"$18,899","83,251 mi.",Lithia Chrysler Jeep Dodge Ram FIAT of Tri-Cities
2003 Lexus GS 430 ,"$8,995","182,112 mi.",Pacific Auto Center - Fontana
2006 Lexus GS 300 Base,"$11,489","74,776 mi.",Autobakers
2008 Lexus GS 460 Base,"$17,999","71,252 mi.",Inside Car Guys LLC
2014 Lexus GS 350 Base,"$20,492","70,333 mi.",Toyota Marin
2017 Lexus GS 350 F Sport,"$29,763","61,572 mi.",Rio Vista Chevrolet
2006 Lexus GS 300 Base,"$10,000","111,735 mi.",Columbia Sales & Service
2018 Lexus GS 350 Base,"$31,987","34,934 mi.",Brown Automotive Group
2016 Lexus GS F Base,"$48,746","38,695 mi.",Porsche Bellevue
2016 Lexus GS 200t F Sport,"$24,995","52,320 mi.",BMW Seattle
2020 Lexus GS 350 F Sport,"$38,837","35,975 mi.",Gene Messer Toyota
2018 Lexus GS 350 F Sport,"$22,947","108,172 mi.",BMW of Lubbock
2020 Lexus GS 350 F SPORT Black Line,"$43,998","33,225 mi.",Lexus of Wichita
2016 Lexus GS 350 Base,"$29,499","47,851 mi.",Grubbs Acura of Tulsa
2017 Lexus GS 350 F Sport,"$31,998","60,123 mi.",CarMax Tulsa - Offering Express Pickup and Home Delivery
2018 Lexus GS 350 Base,"$32,811","71,358 mi.",Patriot Chrysler Dodge Jeep Ram of McAlester
2017 Lexus GS F Base,"$37,962","100,948 mi.",AutoNation Chrysler Dodge Jeep Ram North Richland Hills
2004 Lexus GS 300 Base,"$17,995","31,201 mi.",A to Z Autosports LLC
2015 Lexus GS 350 ,"$16,522","108,982 mi.",AutoNation Ford Katy
2008 Lexus GS 350 Base (A6),"$8,760","159,299 mi.",Car Stars
2013 Lexus GS 350 Base,"$19,998","101,326 mi.",CarMax Gulf Freeway - Offering Express Pickup and Home Delivery
2016 Lexus GS F Base,"$47,988","31,097 mi.",Mac Haik Ford Pasadena
2020 Lexus GS 350 Base,"$31,995","92,769 mi.",Sterling McCall Lexus Clear Lake
2014 Lexus GS 350 Base,"$15,971","107,692 mi.",Love PreOwned AutoCenter
2017 Lexus GS 350 ,"$29,931","43,366 mi.",AutoNation Ford Corpus Christi
2013 Lexus GS 350 Base,"$18,800","98,715 mi.",Car City Inc
2013 Lexus GS 350 Base,"$18,950","96,672 mi.",Zone Motors
2007 Lexus GS 450h ,"$8,799","135,362 mi.",My Choice Motors of Elmhurst
2015 Lexus GS 350 Crafted Line,"$18,980","123,064 mi.",Lucky Motors Megastore of Villa Park
2018 Lexus GS 350 F Sport,"$32,999","41,394 mi.",Oakbrook Toyota in Westmont
2018 Lexus GS 350 Base,"$32,806","41,728 mi.",Oakbrook Toyota in Westmont
2011 Lexus GS 350 Base,"$17,090","58,261 mi.",Haus of Imports
2013 Lexus GS 350 ,"$12,999","139,974 mi.",Your Choice Autos Waukegan
2013 Lexus GS 350 Base,"$14,500","149,500 mi.",
2015 Lexus GS 350 Base,"$24,995","66,343 mi.",Fields Lexus Glenview
2013 Lexus GS 350 Base,"$21,989","64,412 mi.",Fields Volvo Cars of Northfield
2014 Lexus GS 350 Base,"$18,949","99,785 mi.",Adam Auto Group
2016 Lexus GS 350 F Sport,"$24,900","94,912 mi.",Car Smart of Memphis
2016 Lexus GS F Base,"$44,950","58,914 mi.",Kenny Kent Lexus
2017 Lexus GS 350 GS 350 F Sport,"$24,988","87,665 mi.",Team Honda of Acadiana
2015 Lexus GS 350 Crafted Line,"$21,990","104,789 mi.",Ridgeland Auto World
2014 Lexus GS 350 Base,"$21,900","86,136 mi.",Cadillac of Jackson
2016 Lexus GS 350 Base,"$23,308","65,507 mi.",Gray-Daniels Nissan North
2014 Lexus GS 350 Base,"$19,991","75,800 mi.",Midwest Motors
2018 Lexus GS 350 F Sport,"$29,661","83,002 mi.",David Rice Auto Sales
2015 Lexus GS 350 Base,"$19,992","103,520 mi.",Lexus of Ft. Wayne
2014 Lexus GS 350 F Sport,"$20,800","133,500 mi.",Fleet Import LLC
2018 Lexus GS 350 F Sport,"$30,920","80,705 mi.",Used Imports Auto
2002 Lexus GS 430 ,"$8,500","155,583 mi.",Exotic Motors Atlanta
2006 Lexus GS 430 Base (A6),"$14,900","88,462 mi.",Exotic Motors Atlanta
2006 Lexus GS 300 ,"$12,950","81,649 mi.",Midnight Racing Auto
2015 Lexus GS 350 ,"$18,950","115,122 mi.",Golden Motors
2019 Lexus GS 350 F Sport,"$42,562","28,807 mi.",Jim Hudson Lexus Columbia
2018 Lexus GS 350 F Sport,"$36,462","46,860 mi.",Jim Hudson Lexus Columbia
2013 Lexus GS 450h Base,"$18,995","91,106 mi.",Motorworld
2020 Lexus GS 350 F Sport,"$33,995","33,627 mi.",Kingstowne Motorcars
2019 Lexus GS F Base,"$71,977","14,509 mi.",Pohanka Lexus
2016 Lexus GS 200t F Sport,"$24,990","57,931 mi.",Shirlie Slack Mitsubishi
2016 Lexus GS 350 Base,"$28,990","42,404 mi.",Lexus of Orange Park
2017 Lexus GS 350 Base,"$27,649","66,357 mi.",Sheehy Nissan of Glen Burnie
2014 Lexus GS 350 Base,"$22,733","71,298 mi.",Ultimate Motor Cars
2006 Lexus GS 300 Base,"$6,999","112,427 mi.",GAA Auto Sales
2015 Lexus GS 350 ,"$25,998","40,978 mi.",CarMax Clearwater - Offering Express Pickup and Home Delivery
2017 Lexus GS 350 Base,"$28,871","27,853 mi.",Toyota of Tampa Bay on Fletcher
2006 Lexus GS 300 ,"$16,997","29,070 mi.","Genuine Motorcars, Inc."
2020 Lexus GS 350 F Sport,"$39,998","44,681 mi.",CarMax Newport News - Offering Express Pickup and Home Delivery
2002 Lexus GS 300 ,"$7,700","72,860 mi.",Sarasota Ford
2019 Lexus GS 350 F Sport,"$35,882","61,930 mi.",Priority Lexus of Virginia Beach
2019 Lexus GS 350 F Sport,"$38,110","39,963 mi.",Autolenders Fairless Hill
2016 Lexus GS F Base,"$48,510","38,695 mi.",CarTopia
2020 Lexus GS 350 Base,"$45,301","1,639 mi.",INFINITI of Englewood
2016 Lexus GS 200t F Sport,"$20,383","83,043 mi.",Hyundai of Fort Myers
2018 Lexus GS 350 Base,"$33,985","30,702 mi.",Scanlon Lexus
2020 Lexus GS F Base,"$64,495","38,333 mi.",AutoLenders Toms River
2008 Lexus GS 350 Base (A6),"$11,900","146,881 mi.",Napoli Kia
2016 Lexus GS F Base,"$42,388","64,611 mi.",Driver's Auto Mart
2016 Lexus GS 350 Base,"$25,426","83,425 mi.",Berlin City Honda of Portland
2019 Lexus GS 300 F Sport,"$38,395","22,151 mi.",Aloha Auto Depot
2013 Lexus GS 350 Base,"$16,450","106,940 mi.",Miami Lakes Automall - Chevrolet Kia Dodge Chrysler Jeep Ram Mitsubishi
2018 Lexus GS F Base,"$64,900","22,177 mi.",Makes and Models
2020 Lexus GS 350 F Sport,"$38,598","51,885 mi.",Brent Brown Toyota
2013 Lexus GS 350 Base,"$18,989","109,993 mi.",AutoTrek
2016 Lexus GS F Base,"$47,997","64,920 mi.",House of Cars Arizona
2016 Lexus GS 350 Base,"$26,995","85,000 mi.",Certified Luxury Auto
2001 Lexus GS 300 Base (A5),"$7,977","130,077 mi.",Roseville Toyota
2008 Lexus GS 350 Base,"$13,999","98,770 mi.",Premium Auto Sales
2014 Lexus GS 350 Base,"$24,965","42,630 mi.",Kalispell Toyota
2016 Lexus GS 350 Base,"$29,499","65,348 mi.",Nissan of Bakersfield
2016 Lexus GS 350 ,"$27,998","64,336 mi.",CarMax Bakersfield - Offering Express Pickup and Home Delivery
2006 Lexus GS 300 Base,"$5,200","191,396 mi.",
2007 Lexus GS 350 ,"$17,899","38,580 mi.",VIP Autos
2015 Lexus GS 350 Base,"$19,000","88,156 mi.",Eide Chrysler
2018 Lexus GS 350 F Sport,"$38,000","40,856 mi.",Lexus of Omaha
2017 Lexus GS 350 F Sport,"$32,990","76,042 mi.",Hendrick Lexus Kansas City
2013 Lexus GS 350 Base,"$14,950","167,050 mi.",Rockstone Automotive Inc.
2016 Lexus GS 200t 200T,"$22,987","64,720 mi.",Universal Chrysler Dodge Jeep Ram
2018 Lexus GS 350 Base,"$29,295","97,665 mi.",Sewell Lexus of Fort Worth
2018 Lexus GS 350 F Sport,"$31,988","52,987 mi.",Reserve Auto Group
2016 Lexus GS 350 F Sport,"$27,574","84,599 mi.",Crest Nissan
2019 Lexus GS 350 Base,"$31,559","57,593 mi.",Frisco Chrysler Dodge Jeep Ram
2013 Lexus GS 350 Base,"$18,495","101,476 mi.",Porsche Plano
2016 Lexus GS 350 F Sport,"$25,995","75,234 mi.",Dallas Autos Direct
2020 Lexus GS 350 F Sport,"$41,996","17,729 mi.",Vandergriff Acura
2018 Lexus GS 350 Base,"$32,995","32,431 mi.",Vandergriff Toyota
2015 Lexus GS 350 Crafted Line,"$21,999","71,962 mi.",Wells Auto Group
2016 Lexus GS 350 Base,"$30,991","39,112 mi.",Toyota of Dallas
2014 Lexus GS 350 Base,"$17,950","111,145 mi.",Midway Auto Group
2019 Lexus GS 350 Base,"$32,904","33,443 mi.",Auto Web Expo
2016 Lexus GS 350 Base,"$29,998","48,568 mi.",CarMax Texas Stadium (Irving) - Offering Express Pickup and Home Delivery
2015 Lexus GS 350 Base,"$23,343","49,383 mi.",Toyota of Richardson
2020 Lexus GS 350 F SPORT Black Line,"$44,998","28,772 mi.",Sewell Lexus of Dallas
2018 Lexus GS 350 Base,"$31,900","40,000 mi.",
2016 Lexus GS 350 F Sport,"$28,500","74,000 mi.",
2016 Lexus GS 350 Base,"$26,943","62,930 mi.",Cedar Rapids Toyota
2016 Lexus GS 350 Base,"$19,495","135,396 mi.",RossCo
2014 Lexus GS 350 Base,"$19,000","89,849 mi.",Deery Brothers Chrysler Dodge Jeep Ram of Iowa City
2015 Lexus GS 350 ,"$24,858","43,440 mi.",BMW of Houston North
2014 Lexus GS 350 Base,"$17,995","102,227 mi.",R&T Expo
2013 Lexus GS 350 Base,"$17,299","98,208 mi.",Direct Car Company
2015 Lexus GS 350 350,"$17,495","114,316 mi.",Gillman Honda Houston
2013 Lexus GS 350 Base,"$18,999","84,311 mi.",Momentum BMW
2016 Lexus GS 350 F Sport,"$23,999","100,765 mi.",Momentum BMW
2015 Lexus GS 350 Crafted Line,"$21,141","90,648 mi.",Advantage BMW Midtown
2013 Lexus GS 350 Base,"$16,795","118,627 mi.",Hayes Family Auto
2014 Lexus GS 450h Base,"$19,990","83,133 mi.",Lynch GM Superstore
2013 Lexus GS 350 Base,"$16,599","152,675 mi.",ENE Motors
2020 Lexus GS 350 F Sport,"$38,394","28,769 mi.",Zeigler Honda of Racine
2002 Lexus GS 300 Base (A5),"$3,495","151,534 mi.",Your Choice Autos Waukegan
2006 Lexus GS 300 ,"$13,995","50,472 mi.",Moto Zone Inc.
2013 Lexus GS 350 Base,"$19,900","93,571 mi.",Car Smart of Memphis
2016 Lexus GS 350 Base,"$21,941","128,036 mi.",Homer Skelton Ford
2016 Lexus GS F Base,"$46,995","62,522 mi.",Unlimited Motors in Noblesville
2013 Lexus GS 350 Base,"$16,900","198,506 mi.",GR Auto Gallery
2016 Lexus GS 350 F Sport,"$32,995","48,950 mi.",Dixie Motors Inc
2011 Lexus GS 350 Base,"$12,995","122,884 mi.",International Auto Outlet
2015 Lexus GS 350 ,"$19,995","95,566 mi.",Luxury Imports
2015 Lexus GS 350 Base,"$23,000","98,356 mi.",Jake Sweeney Chrysler Jeep Dodge
2015 Lexus GS 350 Base,"$18,520","97,600 mi.",Performance Kings Honda
2015 Lexus GS 350 Base,"$22,950","57,620 mi.",Landen Motors
2015 Lexus GS 350 Base,"$16,995","130,361 mi.",Premier Automotive
2020 Lexus GS 350 Base,"$35,899","52,616 mi.",Meade Lexus of Lakeside
2019 Lexus GS 350 F Sport,"$35,989","59,027 mi.",Gravity Motor Cars
2016 Lexus GS 350 Base,"$23,023","119,871 mi.",Nalley Lexus Galleria
2014 Lexus GS 350 Base,"$22,999","95,039 mi.",Motorpoint Roswell
2015 Lexus GS 350 Crafted Line,"$19,990","108,814 mi.",Newnan Peachtree Chrysler Dodge Jeep RAM
2018 Lexus GS 350 F Sport,"$35,797","47,048 mi.",Hennessy Porsche
2016 Lexus GS 350 F Sport,"$23,495","82,584 mi.",Drive Motorcars
2014 Lexus GS 350 Base,"$20,509","87,223 mi.",Classic Lexus Willoughby Hills
2013 Lexus GS 350 Base,"$16,995","122,119 mi.",Hennessy Lexus of Atlanta
2015 Lexus GS 350 Base,"$20,967","98,866 mi.",Lexus of Akron Canton
2013 Lexus GS 350 Base,"$22,990","58,571 mi.",Audi Mentor
2016 Lexus GS 350 Base,"$31,200","42,175 mi.",Beaver Toyota Cumming
2020 Lexus GS 350 F Sport,"$37,990","22,940 mi.",ALM Gwinnett
2018 Lexus GS 350 F Sport,"$36,990","34,089 mi.",Hennessy Lexus Gwinnett
2013 Lexus GS 350 Base,"$12,999","144,841 mi.",Georgia Auto Dealer LLC
2013 Lexus GS 350 Base,"$16,997","104,627 mi.",Magnetism Motors
2017 Lexus GS 350 F Sport,"$25,920","101,450 mi.",Used Imports Auto
2006 Lexus GS 430 Base (A6),"$16,900","63,692 mi.",Exotic Motors Atlanta
2013 Lexus GS 350 Base,"$17,989","126,767 mi.",Mercedes-Benz Of Athens
2020 Lexus GS 350 F Sport,"$38,997","9,015 mi.",Panama City Toyota
2019 Lexus GS 350 F Sport,"$34,990","42,133 mi.",Toyota of Erie
2016 Lexus GS 350 Base,"$25,988","52,878 mi.",Land Rover South Hills
2015 Lexus GS 350 ,"$20,370","118,858 mi.",Hendrick BMW
2017 Lexus GS 350 Base,"$32,995","26,029 mi.",ALM Hyundai of Florence
2017 Lexus GS F Base,"$53,750","50,412 mi.",Pohanka Lexus
2017 Lexus GS 350 F Sport,"$32,980","63,950 mi.",Auto Leader
2013 Lexus GS 350 Base,"$23,997","96,301 mi.",RVA Automotive Group
2013 Lexus GS 350 Base,"$15,995","158,214 mi.",RVA Automotive Group
2018 Lexus GS 350 F Sport,"$31,448","60,161 mi.",AutoLenders Exton
2008 Lexus GS 350 Base,"$13,999","96,231 mi.",Trend Auto Motors Inc
2018 Lexus GS 350 Base,"$32,448","37,668 mi.",Weathers Motors
2017 Lexus GS 350 F Sport,"$28,680","63,764 mi.",OFFLEASE ORLANDO
2015 Lexus GS 350 Crafted Line,"$20,988","110,107 mi.",Winter Park Auto Exchange Inc
2015 Lexus GS 350 Base,"$19,999","102,804 mi.",Auto Express
2015 Lexus GS 350 Crafted Line,"$17,789","120,671 mi.",Easy Auto
2015 Lexus GS 350 ,"$20,900","55,615 mi.",Mercedes-Benz of Melbourne
2002 Lexus GS 300 Base,"$44,900","186,853 mi.",Speed Gallery Miami
2015 Lexus GS 350 Base,"$19,499","78,500 mi.",
2019 Lexus GS 350 F Sport,"$39,998","39,921 mi.",CarMax South Portland - Offering Express Pickup and Home Delivery
2013 Lexus GS 350 Base,"$16,900","114,222 mi.",Peterson Auto Group
2014 Lexus GS 350 Base,"$16,495","113,152 mi.",Instant Equity Auto
2013 Lexus GS 350 Base,"$18,987","107,545 mi.",Corwin Ford
2013 Lexus GS 350 Base,"$19,613","69,275 mi.",Melloy Honda
2005 Lexus GS 430 ,"$11,998","158,887 mi.",Right Price Motors
1999 Lexus GS 400 Base (A5),"$6,988","164,506 mi.",Econo Auto Sales Inc
2006 Lexus GS 300 Base,"$3,900","212,497 mi.",EASY CAR AUTO SALES
2016 Lexus GS 350 F Sport,"$29,895","52,222 mi.",California Auto Sales
2013 Lexus GS 350 Base,"$16,476","137,065 mi.",Folsom Lake Toyota
2013 Lexus GS 350 Base,"$16,977","97,253 mi.",Roseville Toyota
2016 Lexus GS 350 Base,"$25,849","133,689 mi.",Future Ford of Sacramento
2014 Lexus GS 350 Base,"$14,544","175,350 mi.",Car Expo Auto Center
2019 Lexus GS 350 F Sport,"$34,956","49,965 mi.",Car Expo Auto Center
2015 Lexus GS 350 Crafted Line,"$20,795","101,342 mi.",Car Expo Auto Center
2009 Lexus GS 350 Base,"$11,999","118,370 mi.",Premium Auto Sales
2015 Lexus GS 350 Crafted Line,"$18,999","115,215 mi.",Auto Gallery Modesto LLC
2018 Lexus GS 350 F Sport,"$34,998","42,280 mi.",CarMax Sacramento South - Offering Express Pickup and Home Delivery
2006 Lexus GS 300 Base,"$8,999","129,796 mi.",Nmotion Motors
2016 Lexus GS 350 Base,"$26,992","44,472 mi.",STG Auto Group of Montclair
2018 Lexus GS 350 F Sport,"$32,688","39,874 mi.",Westcoast Auto Sales
2020 Lexus GS 350 F Sport,"$38,999","16,852 mi.",STG Auto Group of Montclair
2001 Lexus GS 300 ,"$11,274","60,748 mi.",HIGH ROAD AUTOS LLC
2020 Lexus GS 350 F Sport,"$36,998","37,944 mi.",Buena Park Honda
1993 Lexus GS 300 ,"$16,995","104,531 mi.",Zee Motors Inc
2010 Lexus GS 350 ,"$10,495","136,249 mi.",Royal Auto Dealer Los Angeles
2015 Lexus GS 350 ,"$20,994","71,954 mi.",Orange Coast Chrysler Jeep Dodge Ram Fiat
2018 Lexus GS 350 F Sport,"$40,288","34,495 mi.",Lexus of Stevens Creek
2017 Lexus GS 350 GS 350,"$32,800","23,000 mi.",Reliant Motors
2018 Lexus GS 350 F Sport,"$31,495","86,790 mi.",Audi Sioux Falls
2013 Lexus GS 350 Base,"$17,988","116,935 mi.",Gretna Auto Outlet
2017 Lexus GS 350 Base,"$31,999","67,809 mi.",Hendrick Lexus Kansas City
2013 Lexus GS 350 Base,"$13,900","172,195 mi.",Westrum Enterprises LLC
2016 Lexus GS 200t F Sport,"$13,999","189,521 mi.",North Texas Vehicle Exchange
2016 Lexus GS 350 F Sport,"$29,995","77,128 mi.",United Auto Group
2009 Lexus GS 450h ,"$16,995","84,235 mi.",United Auto Group
2018 Lexus GS 350 ,"$32,998","36,813 mi.",CarMax Austin North - Offering Express Pickup and Home Delivery
2014 Lexus GS 350 Base,"$19,995","86,262 mi.",AutoNation USA St. Louis
2013 Lexus GS 350 Base,"$15,995","150,030 mi.",LA Auto Sales
2006 Lexus GS 300 Base,"$6,995","132,948 mi.",Rides Unlimited Chicago
2001 Lexus GS 300 ,"$8,990","175,959 mi.",International Car Center
2013 Lexus GS 350 Base,"$19,903","108,197 mi.","Mt. Moriah Auto Sales, Inc."
2013 Lexus GS 350 Base,"$16,850","96,429 mi.",Sterling Value Pre-Owned
2016 Lexus GS 200t F Sport,"$20,897","114,850 mi.",Jackson Mac Haik Chrysler Dodge Jeep Ram
2018 Lexus GS 350 F Sport,"$29,950","76,294 mi.",Fritz in Fishers
2014 Lexus GS 350 Base,"$19,772","104,478 mi.",World Class Motors
2013 Lexus GS 350 Base,"$26,995","28,827 mi.",ACRA Pre-Owned Superstore
2019 Lexus GS 350 F Sport,"$37,395","52,796 mi.",Ed Martin Chrysler Dodge Jeep RAM
2015 Lexus GS 350 Base,"$21,500","103,160 mi.",Ed Martin Budget Cars
2013 Lexus GS 350 Base,"$19,856","98,498 mi.",Oxmoor Toyota
2020 Lexus GS 350 F Sport,"$40,588","46,187 mi.",Cronin Toyota & Nissan of Richmond
2015 Lexus GS 350 Base,"$21,100","87,886 mi.",Jim Schmidt Chevrolet of Delphos
2013 Lexus GS 350 Base,"$11,500","198,821 mi.",Suburban Toyota of Troy
2015 Lexus GS 350 ,"$24,409","90,738 mi.",Meade Lexus of Lakeside
2020 Lexus GS 350 F Sport,"$38,599","46,562 mi.",Meade Lexus of Lakeside
2013 Lexus GS 350 Base,"$9,995","200,357 mi.",Your Ride
2013 Lexus GS 350 Base,"$16,493","123,255 mi.",Cars 4 U LLC
2013 Lexus GS 350 Base,"$12,000","191,599 mi.",Sevierville Auto Brokers
2015 Lexus GS 350 ,"$22,750","79,480 mi.",Olympic Auto Sales
2007 Lexus GS 350 ,"$5,995","189,000 mi.",Car N Drive Auto
2016 Lexus GS 200t ,"$28,998","21,991 mi.",CarMax Hickory - Offering Express Pickup and Home Delivery
2018 Lexus GS 350 F Sport,"$35,995","60,278 mi.",Prestige Motorworks LLC
2018 Lexus GS 350 F Sport,"$21,558","121,326 mi.",Fairfax Volvo Cars
2017 Lexus GS 350 Base,"$32,990","26,166 mi.",Driver's Village
2010 Lexus GS 350 Base,"$16,999","66,071 mi.",Car Trade
2020 Lexus GS 350 F Sport,"$42,083","21,251 mi.",Piazza Hyundai of West Chester
2016 Lexus GS 350 Base,"$32,160","43,359 mi.",Daytona Nissan
2015 Lexus GS 350 ,"$19,464","107,354 mi.",AutoNation Honda Sanford
2015 Lexus GS 350 ,"$21,449","103,033 mi.",AutoLenders of Newtown Square
2008 Lexus GS 350 Base,"$13,999","112,000 mi.",
2017 Lexus GS 350 Base,"$34,949","11,184 mi.",CarShop Hatfield
2015 Lexus GS 350 Base,"$16,980","108,142 mi.",Sport Mazda North
2015 Lexus GS 350 Crafted Line,"$23,950","84,190 mi.",New Concept Inc
2013 Lexus GS 350 Base,"$22,489","41,800 mi.",Audi South Orlando
2015 Lexus GS 350 Crafted Line,"$19,495","80,686 mi.",Mint Auto Sales
2015 Lexus GS 350 Crafted Line,"$17,999","92,015 mi.",Florida Fine Cars Orlando
1998 Lexus GS 400 ,"$4,999","110,677 mi.",Auto Express
2015 Lexus GS 350 Base,"$22,675","91,949 mi.",Gormley's Auto Center
2018 Lexus GS 350 ,"$28,495","69,510 mi.",PAAUTOSALES.COM
2020 Lexus GS 350 F Sport,"$40,997","28,856 mi.",Burns Buick GMC
2015 Lexus GS 350 Base,"$19,995","101,520 mi.",Bristol Auto Mall
2016 Lexus GS 350 Base,"$23,550","76,418 mi.",CarLink
2008 Lexus GS 350 Base,"$6,500","178,559 mi.",M2 Auto Group
2020 Lexus GS 350 F Sport,"$42,222","22,705 mi.",Deluxe Auto Sales
2018 Lexus GS 350 F Sport,"$25,995","105,836 mi.",Acura of Ramsey
2015 Lexus GS 350 Crafted Line,"$20,995","101,732 mi.",NJ Auto Sales
2016 Lexus GS 350 Base,"$21,995","74,913 mi.",Alpha Auto Sales
2018 Lexus GS 350 F Sport,"$18,999","122,512 mi.",Venture Motor Cars
2015 Lexus GS 350 Base,"$23,900","52,002 mi.",CarLink Fort Myers
2015 Lexus GS 350 Crafted Line,"$22,998","73,082 mi.",CarMax Ft. Myers - Offering Express Pickup and Home Delivery
2015 Lexus GS 350 Base,"$19,995","77,652 mi.",Mazda of Fort Myers
2018 Lexus GS 350 F Sport,"$36,999","35,047 mi.",Scanlon Lexus
2020 Lexus GS 350 F Sport,"$41,822","7,504 mi.",AutoLenders Toms River
2010 Lexus GS 350 ,"$13,995","93,536 mi.",Seabreeze Ford
2018 Lexus GS 350 Base,"$38,999","45,287 mi.",Six Stars Auto Sales Inc
2015 Lexus GS 350 Base,"$23,999","90,428 mi.",Six Stars Auto Sales Inc
2018 Lexus GS 350 F Sport,"$26,800","60,847 mi.",Certified Luxury Motors of Valley Stream
2015 Lexus GS 350 Crafted Line,"$26,650","82,147 mi.",Beverly Hills Auto Group
2019 Lexus GS 350 F Sport,"$29,995","52,952 mi.",Franklin Square Auto Group
2020 Lexus GS 350 F Sport,"$45,500","5,650 mi.",Lexus of Freeport
2014 Lexus GS 350 Base,"$22,698","76,313 mi.",The Highline Group
2016 Lexus GS 350 Base,"$32,644","44,408 mi.",Superstition Springs Lexus
2016 Lexus GS 200t F Sport,"$24,577","97,133 mi.",Legend Auto Sales
2007 Lexus GS 350 Base,"$8,995","171,333 mi.",Urban Motors
2015 Lexus GS 350 ,"$27,998","20,333 mi.",CarMax Palmdale - Offering Express Pickup and Home Delivery
2013 Lexus GS 350 Base,"$19,998","98,000 mi.",CarMax Palmdale - Offering Express Pickup and Home Delivery
2015 Lexus GS 350 Base,"$20,995","101,554 mi.",Toyota of San Bernardino
2016 Lexus GS 200t ,"$18,995","99,372 mi.",Unique Auto Center
2013 Lexus GS 350 Base,"$19,525","92,438 mi.",California Motors Direct - Montclair
2013 Lexus GS 350 Base,"$19,999","99,886 mi.",California Motor Trade 3
2007 Lexus GS 350 ,"$9,995","112,451 mi.","Mountain Motors, Inc"
2018 Lexus GS 350 Base,"$26,797","72,256 mi.",Lake Elsinore Honda
2014 Lexus GS 350 Base,"$14,987","133,641 mi.",Karplus Warehouse Inc.
2010 Lexus GS 350 Base,"$11,000","79,000 mi.",
2008 Lexus GS 350 ,"$24,899","21,176 mi.",Pacific West Imports
2018 Lexus GS 350 F Sport,"$28,981","84,219 mi.",Auto Republic Fullerton
2016 Lexus GS 200t ,"$22,962","68,888 mi.",AutoNation INFINITI Tustin
2013 Lexus GS 350 Base,"$18,999","92,043 mi.",AutoNation Toyota Cerritos
2015 Lexus GS 350 ,"$22,999","59,450 mi.",AutoNation Toyota Cerritos
2013 Lexus GS 350 Base,"$16,599","119,196 mi.",AutoNation Toyota Irvine
2010 Lexus GS 350 ,"$12,998","124,614 mi.",Hi Auto Sales INC.
2015 Lexus GS 350 Crafted Line,"$18,995","131,895 mi.",Deluxe Auto Dealer
2014 Lexus GS 350 Base,"$15,995","168,030 mi.",Deluxe Auto Dealer
2015 Lexus GS 350 Crafted Line,"$21,995","74,439 mi.",Deluxe Auto Dealer
2015 Lexus GS 350 Crafted Line,"$17,995","126,435 mi.",Deluxe Auto Dealer
2013 Lexus GS 350 Base,"$13,995","175,283 mi.",Deluxe Auto Dealer
2015 Lexus GS 350 Crafted Line,"$19,987","84,288 mi.",CAR LUX
2018 Lexus GS 350 GS 350 F SPORT Sedan 4D,"$34,990","41,669 mi.",Nash Auto
2017 Lexus GS 350 GS 350,"$30,499","41,017 mi.",Lexus of Marin
2006 Lexus GS 430 Base,"$6,500","201,000 mi.",
2015 Lexus GS 350 ,"$23,998","53,886 mi.",CarMax Vancouver - Offering Express Pickup and Home Delivery
2015 Lexus GS 350 ,"$24,599","64,001 mi.",Mercedes-Benz of Beaverton
2015 Lexus GS 350 Base,"$22,317","101,916 mi.",Duffy's Auto Brokerage
2014 Lexus GS 350 Base,"$21,999","119,970 mi.",9999 Auto Center
2018 Lexus GS 350 ,"$33,984","70,408 mi.",Titus-Will Hyundai
2001 Lexus GS 430 Base,"$5,000","223,000 mi.",
2015 Lexus GS 350 Base,"$29,699","42,430 mi.",Sports Cars International
2007 Lexus GS 350 Base (A6),"$5,999","258,640 mi.",Bayside Auto Sales
2016 Lexus GS 350 Base,"$25,750","87,029 mi.",Blade Chevrolet
2013 Lexus GS 350 Base,"$19,999","109,513 mi.",State Street Motors
2014 Lexus GS 350 Base,"$25,950","41,505 mi.",Imports and Classics
2013 Lexus GS 350 Base,"$18,995","104,481 mi.",Tom's Auto Sales
2017 Lexus GS 200t 200T,"$24,549","83,643 mi.",Toyota of Fort Worth
2000 Lexus GS 300 Base (A5),"$4,988","226,132 mi.",Manuel Used Car Superstore
2015 Lexus GS 350 Base,"$18,388","100,996 mi.",Karma DFW
2006 Lexus GS 300 ,"$6,495","230,923 mi.",Bob's Auto Ranch
2015 Lexus GS 350 ,"$25,499","68,458 mi.",Woodway Car Center
2017 Lexus GS 350 GS 350,"$29,391","82,146 mi.",Coulee Auto
2007 Lexus GS 350 Base,"$12,000","112,591 mi.",Nelson Automotive
2017 Lexus GS 200t GS Turbo F Sport,"$25,995","55,395 mi.",Unlimited Motors
2010 Lexus GS 350 Base,"$16,900","100,200 mi.",
2020 Lexus GS 350 F Sport,"$38,998","42,323 mi.",CarMax Rivergate - Offering Express Pickup and Home Delivery
2015 Lexus GS 350 Base,"$22,995","89,425 mi.",Oxmoor Toyota
2015 Lexus GS 350 Base,"$22,995","92,066 mi.",Globe Auto Sales
2013 Lexus GS 350 Base,"$20,998","101,140 mi.",CarMax Murfreesboro - Offering Express Pickup and Home Delivery
2013 Lexus GS 350 Base,"$15,995","129,775 mi.",Speedway Motors Inc.
1998 Lexus GS 400 ,"$5,880","173,395 mi.",Queen City Auto House
2014 Lexus GS 350 Base,"$19,975","91,810 mi.",University Motors of Chattanooga
2018 Lexus GS 350 F Sport,"$31,998","59,268 mi.",CarMax Knoxville - Offering Express Pickup and Home Delivery
2013 Lexus GS 350 Base,"$16,995","134,087 mi.",Auto Locators
2016 Lexus GS 350 Base,"$34,900","39,418 mi.",Frontier Motors
2000 Lexus GS 400 ,"$7,900","137,775 mi.",Exotic Motors Atlanta
2019 Lexus GS 350 Base,"$30,746","89,149 mi.",Toyota of Greensburg
2014 Lexus GS 350 Base,"$19,990","141,508 mi.",Elite Automotive Consultant Wholesales Direct
2014 Lexus GS 350 Base,"$19,990","136,805 mi.",Elite Automotive Consultant Wholesales Direct
2015 Lexus GS 350 ,"$22,998","77,662 mi.",CarMax Augusta - Offering Express Pickup and Home Delivery
2016 Lexus GS 350 F Sport,"$29,988","75,659 mi.",Carolina Luxury Imports of Mooresville
2013 Lexus GS 350 Base,"$17,995","129,131 mi.",Adams North Charlotte
2014 Lexus GS 350 Base,"$16,995","147,285 mi.",Prestige Motorworks LLC
2015 Lexus GS 350 Crafted Line,"$20,990","79,045 mi.",Grainger Nissan Beaufort
2015 Lexus GS 350 ,"$18,995","87,242 mi.",Leesburg Auto Import
2015 Lexus GS 350 Base,"$22,500","92,350 mi.",
2015 Lexus GS 350 Crafted Line,"$17,995","100,438 mi.",Main Street Motors Inc.
2015 Lexus GS 350 Base,"$24,622","50,148 mi.",Safford Brown CDJR Sterling
2019 Lexus GS 350 F Sport,"$36,800","56,393 mi.",
2017 Lexus GS 350 F Sport,"$29,000","67,975 mi.",Fast Turn - Sterling
2019 Lexus GS 350 F Sport,"$31,995","64,603 mi.",Imperial Auto LLC
2018 Lexus GS 350 GS 350 F Sport,"$29,995","59,767 mi.",Auto Trademark
2015 Lexus GS 350 Crafted Line,"$21,995","58,212 mi.",Maximum Auto Outlet
2007 Lexus GS 350 ,"$7,995","200,169 mi.",Maximum Auto Outlet
2006 Lexus GS 300 Base,"$10,895","151,586 mi.",Fitzgerald Toyota Gaithersburg
2013 Lexus GS 350 Base,"$16,500","92,912 mi.",Alpha Motorsports Fredericksburg
2013 Lexus GS 350 Base,"$25,990","46,292 mi.",Shirlie Slack Mitsubishi
2015 Lexus GS 350 Base,"$16,995","105,586 mi.",Autos Direct of Fredericksburg - Lafayette
2014 Lexus GS 350 Base,"$14,795","138,198 mi.",Mega Auto Outlet
2015 Lexus GS 350 Crafted Line,"$16,700","79,662 mi.",Lease Return Center
2006 Lexus GS 300 Base,"$2,950","224,288 mi.",Woodbridge Public Auto Auction
2009 Lexus GS 350 ,"$12,995","141,756 mi.",Wendell Auto Brokers
2015 Lexus GS 350 Crafted Line,"$15,995","167,465 mi.",MAINLINE AUTO of Jacksonville
2019 Lexus GS 350 F Sport,"$35,900","51,040 mi.",DARCARS Lexus Of Silver Spring
2015 Lexus GS 350 Base,"$20,495","130,502 mi.",Next Car Imports
2006 Lexus GS 300 Base,"$7,995","192,294 mi.",DriveMax
2018 Lexus GS 350 Base,"$30,995","43,592 mi.",AMKO Auto of Laurel
2014 Lexus GS 350 Base,"$18,995","85,749 mi.",AMKO Auto of Laurel
2010 Lexus GS 350 ,"$12,700","107,966 mi.",Bob Bell Ford Hyundai
2016 Lexus GS 350 Base,"$25,900","65,899 mi.",1 US Motors
2013 Lexus GS 350 Base,"$20,400","79,000 mi.",Moore Buick GMC
2013 Lexus GS 350 Base,"$17,894","146,652 mi.",A&G Auto Sales
2007 Lexus GS 450h Base (ECVT),"$9,995","120,677 mi.",GSM Auto Sales
2013 Lexus GS 350 Base,"$17,990","93,086 mi.",Brooklyn Auto Mall
2014 Lexus GS 450h Base,"$24,795","60,517 mi.",Aloha Auto Depot
2006 Lexus GS 300 Base,"$6,650","194,681 mi.",Imports of Fort Collins Ltd
2014 Lexus GS 350 Base,"$17,000","122,027 mi.",
1993 Lexus GS 300 ,"$5,488","156,380 mi.",Econo Auto Sales Inc
2015 Lexus GS 350 ,"$21,491","86,982 mi.",AutoNation Dodge Ram Broadway
2015 Lexus GS 350 Crafted Line,"$23,998","105,679 mi.",CarMax Parker - Offering Express Pickup and Home Delivery
2014 Lexus GS 350 Base,"$16,495","140,173 mi.",Elite Auto Gallery
2015 Lexus GS 350 Base,"$19,910","96,910 mi.",Future Ford of Clovis
2014 Lexus GS 350 Base,"$19,377","74,969 mi.",Karplus Warehouse Inc.
2013 Lexus GS 350 Base,"$20,998","99,271 mi.",CarMax Pleasanton - Offering Express Pickup and Home Delivery
2013 Lexus GS 350 Base,"$20,995","93,906 mi.",K 1 Motors
2019 Lexus GS 350 Base,"$39,998","33,814 mi.",Lexus of Concord
2016 Lexus GS 350 ,"$27,800","50,685 mi.",Eastbay Motorcars
2015 Lexus GS 350 Crafted Line,"$26,950","45,014 mi.",Walnut Creek Motor Cars
2018 Lexus GS 350 F Sport,"$31,999","68,868 mi.",Mercedes-Benz of Walnut Creek
2014 Lexus GS 350 Base,"$13,999","140,191 mi.",Royal Auto Dealer Los Angeles
2014 Lexus GS 350 Base,"$17,990","75,840 mi.",Austra Motors
2017 Lexus GS 350 Base,"$29,995","68,672 mi.",Stevens Creek Toyota
2018 Lexus GS 350 ,"$33,995","49,052 mi.",Jim's Auto Sales
2014 Lexus GS 350 Base,"$23,995","83,786 mi.",SD Mission Auto Sales
2013 Lexus GS 350 Base,"$15,250","144,559 mi.",Escondido Auto Super Center
2013 Lexus GS 350 Base,"$15,899","159,772 mi.",Baldwin Auto Sales
2013 Lexus GS 350 Base,"$14,799","170,914 mi.",Baldwin Auto Sales
2017 Lexus GS 350 F Sport,"$26,998","95,183 mi.",CarMax Santa Rosa - Offering Express Pickup and Home Delivery
2018 Lexus GS 350 ,"$30,998","51,717 mi.",CarMax Santa Rosa - Offering Express Pickup and Home Delivery
2014 Lexus GS 350 Base,"$16,995","106,087 mi.",Lot 99
2014 Lexus GS 350 Base,"$24,998","68,873 mi.",CarMax Salem - Offering Express Pickup and Home Delivery
2009 Lexus GS 450h ,"$18,999","48,384 mi.",Select Motors
2015 Lexus GS 350 Crafted Line,"$28,900","40,277 mi.",Elite Auto Sales
2013 Lexus GS 350 Base,"$22,998","67,085 mi.",Lexus of Wichita
2015 Lexus GS 350 Crafted Line,"$19,466","110,756 mi.",Family Mitsubishi
2014 Lexus GS 350 Base,"$20,998","85,280 mi.",Lexus of Wichita
2011 Lexus GS 350 Base,"$14,999","142,347 mi.",Family Auto Finance
2014 Lexus GS 350 Base,"$20,957","92,560 mi.",Hendrick Lexus Kansas City North
2014 Lexus GS 350 Base,"$22,531","82,222 mi.",Hendrick Lexus Kansas City
2008 Lexus GS 350 Base (A6),"$12,777","99,857 mi.",Metro Motors KC
2013 Lexus GS 350 Base,"$17,887","98,319 mi.",5 Star Motor Company
2015 Lexus GS 350 Base,"$18,610","114,876 mi.",Utter Family of Dealerships
2018 Lexus GS 350 F Sport,"$36,995","36,184 mi.",AutoNation Ford Fort Worth
2014 Lexus GS 350 Base,"$26,998","40,188 mi.",Walser Toyota
2006 Lexus GS 300 ,"$9,999","150,400 mi.",United Auto Group
2006 Lexus GS 300 Base,"$6,500","194,000 mi.",
2019 Lexus GS 350 F Sport,"$33,780","33,701 mi.",Morrie's Forest Lake Chrysler Dodge Jeep RAM
2019 Lexus GS 350 F Sport,"$36,999","49,138 mi.",Tom Kadlec Honda
2010 Lexus GS 350 ,"$13,450","121,267 mi.",R & D Motors
2016 Lexus GS 350 Base,"$28,591","44,036 mi.",North Park Toyota of San Antonio
2019 Lexus GS 350 F Sport,"$37,328","53,799 mi.",Peters Chevrolet
2014 Lexus GS 350 Base,"$23,998","53,241 mi.",CarMax Madison - Offering Express Pickup and Home Delivery
2013 Lexus GS 350 Base,"$16,995","128,228 mi.",A to Z Autosports LLC
2013 Lexus GS 350 Base,"$18,995","113,440 mi.",Goben Cars East
2015 Lexus GS 350 Base,"$21,777","61,175 mi.",Auffenberg Auto Mall
2010 Lexus GS 350 Base,"$15,850","87,789 mi.",USA CAR EXPO
2006 Lexus GS 300 ,"$5,000","177,850 mi.",Elgin Kia
2007 Lexus GS 350 Base (A6),"$9,950","123,013 mi.",Victor Auto Group
2019 Lexus GS 350 Base,"$42,988","7,440 mi.",McGrath Lexus of Westmont
2015 Lexus GS 350 Base,"$24,425","59,897 mi.",Adam Auto Group
2014 Lexus GS 350 Base,"$19,988","116,667 mi.",Ray Skillman Northeast Mazda
2013 Lexus GS 350 Base,"$18,983","101,220 mi.",Lexus of Cool Springs
2020 Lexus GS 350 F Sport,"$40,977","28,649 mi.",Performance Lexus Rivercenter
2016 Lexus GS F Base,"$53,959","36,441 mi.",Birmingham Broker
2013 Lexus GS 350 Base,"$14,923","146,551 mi.",Perrysburg Automall
2017 Lexus GS 200t F Sport,"$30,968","32,398 mi.",Encore Dodge Chrysler Jeep RAM
2015 Lexus GS 350 Base,"$26,987","73,142 mi.",Palmer's Toyota Superstore
2017 Lexus GS 350 Base,"$31,950","53,616 mi.",Sports Center Imports
2013 Lexus GS 350 Base,"$15,998","140,852 mi.",Germain Lexus of Dublin
2013 Lexus GS 350 Base,"$13,500","169,000 mi.",
2006 Lexus GS 300 ,"$15,871","146,286 mi.",Columbus Luxury Cars
2017 Lexus GS 350 Base,"$28,528","78,493 mi.",Ricart Used Car Factory
2018 Lexus GS 350 Base,"$34,950","64,542 mi.",Frontier Motors
2013 Lexus GS 350 Base,"$16,328","143,522 mi.","Nalley Lexus, Roswell"
2016 Lexus GS 350 Base,"$23,990","96,817 mi.",Butler Lexus of South Atlanta
2013 Lexus GS 350 Base,"$18,500","92,706 mi.",Atlanta Best Used Cars
2007 Lexus GS 350 Base,"$8,975","144,524 mi.",Klassic Cars
2014 Lexus GS 350 Base,"$21,971","67,417 mi.",Rohrich Lexus
2016 Lexus GS 200t ,"$21,998","101,816 mi.",CarMax Augusta - Offering Express Pickup and Home Delivery
2013 Lexus GS 350 Base,"$15,995","147,436 mi.",Prestige Motorworks LLC
2008 Lexus GS 350 ,"$10,698","152,466 mi.",Smart Chevrolet
2014 Lexus GS 350 Base,"$13,495","152,169 mi.",Prime Dealz Auto
2013 Lexus GS 350 Base,"$23,863","70,638 mi.",Auto First LLC
2015 Lexus GS 350 Crafted Line,"$24,495","91,649 mi.",Zimmerman's Automotive
2015 Lexus GS 350 Crafted Line,"$18,998","93,727 mi.",Empire Motors Inc
2020 Lexus GS 350 F SPORT Black Line,"$39,900","29,524 mi.",Faulkner Buick GMC Harrisburg
2018 Lexus GS 350 Base,"$29,000","70,209 mi.",Exclusive Motor Cars
2013 Lexus GS 350 Base,"$14,199","136,000 mi.",
2017 Lexus GS 350 F Sport,"$28,995","79,386 mi.",PAAUTOSALES.COM
2020 Lexus GS 350 F Sport,"$39,770","49,560 mi.",Davis Honda
2018 Lexus GS 350 F Sport,"$25,790","55,690 mi.",Certified Luxury Motors of Valley Stream
2018 Lexus GS 350 F Sport,"$29,897","84,109 mi.",Coggin Acura
2007 Lexus GS 350 ,"$14,950","60,331 mi.",Victory Auto Group
2015 Lexus GS 350 ,"$20,575","88,725 mi.",Lexus of Palm Beach
2013 Lexus GS 350 Base,"$17,999","83,966 mi.",The Taverna Collection
2003 Lexus GS 300 Base,"$14,900","63,082 mi.",Dream Auto Collection Inc
2015 Lexus GS 350 Crafted Line,"$27,998","40,243 mi.",CarMax Miami (International Mall) - Offering Express Pickup and Home Delivery
2018 Lexus GS 350 Base,"$25,798","64,978 mi.",HGreg.com Doral
2019 Lexus GS 350 Base,"$35,998","46,050 mi.",Lexus of North Miami
2020 Lexus GS 350 F Sport,"$38,473","20,978 mi.",Braman Hyundai
2017 Lexus GS 350 GS 350,"$22,299","116,960 mi.",Autocenter Sales & Service
2013 Lexus GS 350 Base,"$21,900","93,679 mi.",Auto X-Change
2013 Lexus GS 350 Base,"$24,995","58,710 mi.",AUTOSOURCE
2015 Lexus GS 350 Base,"$29,995","28,993 mi.",Excellent Auto Center
2015 Lexus GS 350 Base,"$28,995","48,734 mi.",Excellent Auto Center
2013 Lexus GS 350 Base,"$20,795","78,617 mi.",Auto Passion Team
2015 Lexus GS 350 Crafted Line,Not Priced,"60,881 mi.",Fairly Reliable Bob's
2006 Lexus GS 300 Base (A6),"$6,999","174,105 mi.",One Stop Motors LLC
2014 Lexus GS 350 Base,"$17,490","142,071 mi.",Groove Toyota
2015 Lexus GS 350 ,"$25,992","53,902 mi.",Courtesy Acura
2006 Lexus GS 300 ,"$8,991","150,485 mi.",Stevinson Toyota East
2015 Lexus GS 350 Base,"$22,990","90,124 mi.",Colorado Auto Finders
2014 Lexus GS 350 ,"$24,776","41,872 mi.",Lexus of Colorado Springs
2013 Lexus GS 350 Base,"$17,777","111,745 mi.",Dolan Toyota
2015 Lexus GS 350 ,"$22,130","89,997 mi.",Dolan Lexus
2013 Lexus GS 350 Base,"$20,998","77,471 mi.",CarMax Reno - Offering Express Pickup and Home Delivery
2014 Lexus GS 350 Base,"$18,990","109,027 mi.",AutoNation Ford Scottsdale
2013 Lexus GS 350 Base,"$26,395","45,352 mi.",Arrowhead Lexus
2015 Lexus GS 350 Base,"$24,995","55,755 mi.",Liberty Buick
2016 Lexus GS 350 Base,"$27,977","62,383 mi.",Roseville Toyota
2015 Lexus GS 350 Crafted Line,"$23,989","65,147 mi.",A-1 Auto Wholesale
2019 Lexus GS 350 F Sport,"$37,321","42,798 mi.",Lexus of Sacramento
2015 Lexus GS 350 Base,Not Priced,"101,594 mi.",Mccurley Mazda
2013 Lexus GS 350 Base,"$16,950","128,307 mi.",Acura of Modesto
2001 Lexus GS 430 Base (A5),"$5,995","171,271 mi.",Modesto Auto Exchange
2013 Lexus GS 350 Base,"$16,999","93,503 mi.",Fontana Motors Direct
2020 Lexus GS 350 F Sport,"$39,999","19,139 mi.",Crown Lexus
2013 Lexus GS 350 Base,"$17,899","117,437 mi.",California Motor Trade 3
2017 Lexus GS 350 ,"$24,998","90,368 mi.",CarMax San Gabriel Valley/Duarte - Offering Express Pickup and Home Delivery
2010 Lexus GS 350 Base,"$8,400","124,000 mi.",
2015 Lexus GS 350 Base,"$19,900","104,532 mi.",Maserati Puente Hills
2020 Lexus GS 350 F SPORT Black Line,"$35,777","48,980 mi.",BMW of Fairfield
2013 Lexus GS 350 Base,"$17,290","109,000 mi.",Dapper Car Sales
2006 Lexus GS 300 ,"$9,448","233,768 mi.",Temecula Valley Lexus
2013 Lexus GS 350 Base,"$18,500","108,600 mi.",
2013 Lexus GS 350 Base,"$21,998","92,820 mi.",CarMax Fremont - Offering Express Pickup and Home Delivery
2016 Lexus GS 350 F Sport,"$26,747","87,312 mi.",Fremont Toyota
2013 Lexus GS 350 Base,"$22,898","67,195 mi.",Lexus Santa Monica
2017 Lexus GS 350 F Sport,"$22,990","97,304 mi.",CAR LUX
2007 Lexus GS 350 ,"$10,000","114,750 mi.",Harbor Chevrolet
2019 Lexus GS 350 F Sport,"$40,988","53,328 mi.",Lexus of Stevens Creek
2020 Lexus GS 350 F Sport,"$43,988","20,460 mi.",Lexus of Stevens Creek
2016 Lexus GS 200t 200T,"$25,500","56,417 mi.",Prestige Motors
2011 Lexus GS 350 Base,"$13,999","133,837 mi.",Stevens Creek BMW
2007 Lexus GS 450h Base,"$12,900","120,500 mi.",
2014 Lexus GS 350 Base,"$18,994","80,085 mi.",BMW of Carlsbad
2013 Lexus GS 350 Base,"$19,500","89,653 mi.",Lexus Monterey Peninsula
2016 Lexus GS 350 Base,"$27,997","56,940 mi.",Victory Toyota Seaside
2018 Lexus GS 350 F Sport,"$32,950","60,586 mi.",Auto City
2015 Lexus GS 350 Base,"$18,930","124,616 mi.",Kearny Mesa Chrysler Dodge Jeep RAM
2007 Lexus GS 350 Base,"$6,990","231,493 mi.",Cars To Go
2013 Lexus GS 350 Base,"$16,950","117,688 mi.",Lexus of Portland
2007 Lexus GS 350 ,"$6,950","199,057 mi.",D'Angelo Auto Sales
2014 Lexus GS 350 Base,"$18,397","111,255 mi.",Brown Automotive Group
2017 Lexus GS 350 F Sport,"$36,999","20,395 mi.",BMW Seattle
2017 Lexus GS 350 F Sport,"$29,991","88,230 mi.",Daytona Motor Company
2015 Lexus GS 350 Crafted Line,"$26,794","50,595 mi.",Kia of Everett
2017 Lexus GS 350 F Sport,"$27,500","59,000 mi.",
2013 Lexus GS 350 Base,"$21,195","92,045 mi.",DriveTime of Lubbock
2014 Lexus GS 350 Base,"$19,414","111,311 mi.",Eddy's Toyota of Wichita
2015 Lexus GS 350 ,Not Priced,"168,953 mi.",Lexus of Wichita
2013 Lexus GS 350 Base,"$18,998","106,628 mi.",Car Store USA
2014 Lexus GS 350 Base,"$20,640","90,658 mi.",McMullen Ford
2015 Lexus GS 350 ,"$23,703","53,155 mi.",Bob Howard Chrysler Dodge Jeep RAM
2013 Lexus GS 350 Base,"$18,645","118,031 mi.",Baron BMW MINI
2013 Lexus GS 350 Base,"$22,900","22,902 mi.",Sam's Riverside Inc.
2008 Lexus GS 350 Base (A6),"$10,999","133,682 mi.",Auto Center Bargain Lot
2007 Lexus GS 350 ,"$8,995","180,686 mi.",Audi Plano
2017 Lexus GS 350 ,"$24,991","83,311 mi.",AutoNation USA Plano
2014 Lexus GS 350 Base,"$18,779","107,610 mi.",EchoPark Automotive Dallas
2020 Lexus GS 350 F Sport,"$46,998","13,870 mi.",Sewell Lexus of Dallas
2013 Lexus GS 350 Base,"$26,925",,Orr Chevrolet Cadillac of Fort Smith
2014 Lexus GS 350 Base,"$21,999","50,090 mi.",Skyline Motorsports LLC
2007 Lexus GS 350 ,"$7,681","180,827 mi.",Mills Chevrolet
2013 Lexus GS 350 Base,"$22,800","67,000 mi.",
2006 Lexus GS 300 ,Not Priced,"245,150 mi.",Jeff Haas Mazda
2007 Lexus GS 350 Base,"$15,750","65,409 mi.",USA CAR EXPO
2015 Lexus GS 350 Base (A6),"$18,850","75,000 mi.",SW Auto LLC
2014 Lexus GS 350 Base,"$19,377","82,360 mi.",Destination Auto
2018 Lexus GS 350 ,"$25,999","48,338 mi.",America's Xtreme Auto
2013 Lexus GS 450h Base,Not Priced,"85,978 mi.",Auto Boutique Texas
2007 Lexus GS 350 Base,"$10,500","141,000 mi.",
2013 Lexus GS 450h Base,"$12,000","187,000 mi.",
2000 Lexus GS 300 Base,"$4,995","245,082 mi.",American Direct Auto
2007 Lexus GS 350 Base,"$7,000","136,250 mi.",
2013 Lexus GS 350 Base,"$21,500","100,324 mi.",Rod Hatfield Used Car Factory
2013 Lexus GS 350 Base,"$19,900","103,154 mi.",Sheffield Motors Inc
2013 Lexus GS 350 Base,"$21,991","99,467 mi.",Lexus of Mobile
2016 Lexus GS 350 Base,"$22,899","98,601 mi.",TradeUp Chattanooga
2014 Lexus GS 350 Base,"$15,998","179,573 mi.",Byers Outlet
2006 Lexus GS 300 Base,"$6,499","194,516 mi.",Multi Group Automotive
2004 Lexus GS 300 ,"$4,990","262,273 mi.",Hollingsworth Auto Sales of Raleigh
2014 Lexus GS 350 Base,"$20,998","92,622 mi.",Phoenix Motors
2017 Lexus GS 350 Base,"$35,169","39,062 mi.",Lexus of Lehigh Valley
2014 Lexus GS 350 Base,"$22,999","67,395 mi.",CarVision of Trooper
2017 Lexus GS 200t 200T,Not Priced,"53,642 mi.",Daytona Toyota
2004 Lexus GS 430 Base,"$6,500","248,000 mi.",
2013 Lexus GS 350 Base,"$15,471","122,436 mi.",Mercedes-Benz of Paramus
2017 Lexus GS 350 F Sport,"$28,500","78,262 mi.",Eastchester Chrysler Jeep Dodge RAM
2008 Lexus GS 350 ,"$7,987","171,152 mi.",Shelby Motor Cars
2018 Lexus GS 350 F Sport,"$28,709","71,497 mi.",Lexus of Palm Beach
2019 Lexus GS 350 F Sport,"$35,588","37,757 mi.",Al Hendrickson Toyota
2003 Lexus GS 300 Base,"$7,998","140,277 mi.",Uzdcarz Inc.
2017 Lexus GS 350 Base,"$34,977","24,909 mi.",Imperial Chevrolet
2016 Lexus GS 350 F Sport,"$24,899","66,467 mi.",Florida Fine Cars Miami
2015 Lexus GS 350 Base,"$20,325","151,066 mi.",Used Car Superstore of Lisle
2013 Lexus GS 350 Base,"$22,998","60,950 mi.",CarMax Kenosha - Offering Express Pickup and Home Delivery
2016 Lexus GS 350 Base,"$29,400","36,473 mi.",McGrath BMW of Elmhurst
2018 Lexus GS 350 ,"$36,999",0 mi.,Pride Hyundai
2013 Lexus GS 350 Base,"$15,999","120,131 mi.",
2014 Lexus GS 350 Base,Not Priced,"74,962 mi.",Ray Skillman Ford
2013 Lexus GS 350 Base,"$18,391","110,695 mi.",All Star Nissan
2007 Lexus GS 350 ,Not Priced,"169,484 mi.",Sam Pierce Chevrolet
2014 Lexus GS 350 Base,"$15,999","132,215 mi.",Audi Nashville
2014 Lexus GS 350 Base,"$18,990","87,143 mi.",Car Hunters LLC
2007 Lexus GS 350 ,"$11,995","165,200 mi.",Dixie Motors Inc
2019 Lexus GS 350 F Sport,"$38,998","32,137 mi.",CarMax Huntsville - Offering Express Pickup and Home Delivery
2014 Lexus GS 350 Base,"$18,987","113,952 mi.",Landers McLarty Subaru
2008 Lexus GS 350 ,"$8,994","98,701 mi.",NW Automotive Group
2005 Lexus GS 300 Base,"$7,200","145,000 mi.",
2011 Lexus GS 350 Base,"$14,495","101,670 mi.",Beck's Auto Group
2017 Lexus GS F Base,"$49,999","63,679 mi.",Birmingham Luxury Motors
2020 Lexus GS 350 F Sport,"$37,998","35,133 mi.",Lexus of Birmingham
2014 Lexus GS 350 Base,"$19,999","93,319 mi.",Lindsay Acura
2015 Lexus GS 350 ,Not Priced,"119,642 mi.",Viles Automotive Group
2015 Lexus GS 350 ,Not Priced,"72,116 mi.",Viles Automotive Group
2008 Lexus GS 350 ,"$4,995","240,656 mi.",Auto Locators
2017 Lexus GS 350 F Sport,"$25,887","100,039 mi.",Nalley Lexus Galleria
2016 Lexus GS 350 F Sport,"$26,500","72,017 mi.",Atlanta Best Used Cars
2000 Lexus GS 400 ,Not Priced,"234,545 mi.",Hennessy Lexus Gwinnett
2009 Lexus GS 350 ,"$10,941","130,095 mi.",BMW of Gwinnett Place
2013 Lexus GS 350 Base,Not Priced,0 mi.,Pars Car Sales
2014 Lexus GS 350 Base,Not Priced,0 mi.,Pars Car Sales
2017 Lexus GS F Base,Not Priced,"34,605 mi.",Used Imports Auto
2016 Lexus GS 350 Base,Not Priced,"137,497 mi.",Lake Norman Chrysler Dodge Jeep Ram
2013 Lexus GS 350 Base,"$13,995","12,488 mi.",East Coast Auto Source
2016 Lexus GS 350 Base,"$20,500","27,638 mi.",D'NX Motors
2016 Lexus GS 200t 200T NAV/SUNROOF/BLIND SPOT/SMART KEY/ALL RECORDS,"$21,988","99,441 mi.",Johnson Lexus of Durham
2013 Lexus GS 350 Base,"$10,995","188,380 mi.",Sterling Motorsport
2007 Lexus GS 350 ,"$11,452","143,685 mi.",AutoNation USA Charleston
2013 Lexus GS 350 Base,"$19,992","89,350 mi.",Fitzgerald Auto Mall Wheaton
2015 Lexus GS 350 Crafted Line,"$16,690","133,455 mi.",Fitzgerald Auto Mall Wheaton
2017 Lexus GS 350 ,"$29,998","60,408 mi.",CarMax Ellicott City - Offering Express Pickup and Home Delivery
2017 Lexus GS 200t ,"$25,998","70,126 mi.",CarMax Ellicott City - Offering Express Pickup and Home Delivery
2014 Lexus GS 350 Base,"$19,490","92,516 mi.",Easterns Automotive Group of Hyattsville- Curbside and Home Delivery Available
2018 Lexus GS 350 Base,"$34,029","22,473 mi.",Passport Nissan - MD
2015 Lexus GS 350 350,"$17,895","98,950 mi.",National Auto of Waldorf
2016 Lexus GS 350 Base,"$21,995","141,264 mi.",Upper Marlboro Ford
2015 Lexus GS 350 Base,"$24,850","52,127 mi.",
2013 Lexus GS 350 Base,"$17,997","90,756 mi.",AutoNation Ford Brooksville
2017 Lexus GS 350 Base,"$27,998","84,224 mi.",Jones Preowned Superstore
2016 Lexus GS 350 ,"$23,995","147,950 mi.",East Carolina Auto Exchange
2015 Lexus GS 350 Base,Not Priced,"102,081 mi.",Lakeland Chrysler Dodge Jeep RAM
2015 Lexus GS 350 ,"$17,995","97,921 mi.",Mint Auto Sales
2007 Lexus GS 350 ,Not Priced,"201,054 mi.",Venice Honda
2017 Lexus GS 350 ,"$29,993","90,563 mi.",Apollo Auto Sales
2016 Lexus GS 350 ,"$20,785","143,606 mi.",A&G Auto Sales
2016 Lexus GS 350 Base,Not Priced,"33,992 mi.",Autodirect Cars & Corvettes
2006 Lexus GS 300 ,Not Priced,"123,571 mi.",Honda Bridgewater
2015 Lexus GS 350 ,"$18,900","108,252 mi.",East Coast Auto Group of Linden
2010 Lexus GS 450h ,"$8,995","158,052 mi.",Brick City Motors
2013 Lexus GS 350 Base,"$15,995","108,452 mi.",City Auto Sales Corp
2014 Lexus GS 350 Base,"$18,995","71,302 mi.",Worlds Best Auto Inc.
2018 Lexus GS 350 Base,"$25,960","42,540 mi.",Victory Mitsubishi
2013 Lexus GS 350 Base,"$14,495","87,352 mi.",AmeriCarna Auto Sales
1998 Lexus GS 400 Base,"$12,000","87,700 mi.",
2014 Lexus GS 350 Base,"$17,495","124,643 mi.",Audi Great Neck
2016 Lexus GS 350 F Sport,"$25,850","74,054 mi.",Top Speed Motors LLC
2017 Lexus GS 350 Base,"$27,950","37,655 mi.",Top Speed Motors LLC
2019 Lexus GS 350 Base,"$35,991","45,553 mi.",Arrigo Chrysler Dodge Jeep Ram FIAT of Ft. Pierce
2020 Lexus GS 350 Base,"$39,989","39,762 mi.",Hoffman Lexus
2016 Lexus GS 350 Base,"$29,997","47,228 mi.",Schumacher Buick GMC Of North Palm Beach
2007 Lexus GS 350 Base,"$9,856","249,149 mi.",Supra Auto Sales LLC
2020 Lexus GS 350 F Sport,"$40,250","33,648 mi.",Vera Cadillac
2013 Lexus GS 350 Base,"$16,450","106,940 mi.",Miami Lakes Automall - Chevrolet Kia Dodge Chrysler Jeep Ram Mitsubishi
2005 Lexus GS 300 ,"$3,990","263,371 mi.",Ford of Kendall
2015 Lexus GS 350 Base,Not Priced,"120,259 mi.",Braman Motors Miami
2017 Lexus GS 350 GS 350 F Sport,"$35,779","23,488 mi.",Lexus of Watertown
